Worker ID,UPDATE-unique_structure_from_noise
A0017268R9SKD8U2Y3F,1
A06679102H1S1P5XTTRG1,1
A09354962P34U7ILOPYKP,1
A100Y89FZO4J0B,1
A10283W49EB612,1
A103XX92AATRSG,1
A10443E11ZWEHJ,1
A106MX66IVHW6T,1
A107RJSS561Y7R,1
A109CH3492UU42,1
A10AVMDRAU2NN5,1
A10AVWALIHR4UQ,1
A10BH9PYCYUKDJ,1
A10DEO061A6L3O,1
A10GAT1S9UVEYQ,1
A10IOQTQGFL72M,1
A10JXOU89D5RXR,1
A10M0S7FH5FZQ8,1
A10RNJJJXFDSZP,1
A10UUNGRUJH6GH,1
A10VJJ27GNLOD7,1
A10YCK3SJBI68T,1
A10YL4EPO1NNI5,1
A110KENBXU7SUJ,1
A110SC5K5Y3IHS,1
A111ZFNLXK1TCO,1
A1127U06EX2U6H,1
A115A6OQBJFVVS,1
A1160COTUR26JZ,1
A118KNQ9CESOQY,1
A1198W1SPF1R4,1
A11AW9628CEBAB,1
A11BACV6DY5S8M,1
A11BLQKVW1951L,1
A11BU9MZGJFJ2Y,1
A11ECAX3S2P9FA,1
A11GWWAXRJQ6Y2,1
A11IF41MTGAI3B,1
A11OLOT1OORG6P,1
A11PI63HUHQND8,1
A11S8IAAVDXCUS,1
A11SX02CICZN85,1
A11U9MQRLTBD7S,1
A11WCFPJSR5VZP,1
A11XR52SDVCMEL,1
A122E99M2DQY1G,1
A122LRCSBAD6DC,1
A122UC2R9WJK0C,1
A1258YAV4INLP1,1
A125YN3ITQTWXB,1
A127F80LLYOQ22,1
A12A5GVJX5RZC4,1
A12E7ZLYX3X2CV,1
A12HWPFXQPITHD,1
A12HZGOZQD5YK7,1
A12IHTKQFQIPD1,1
A12OPKFRUP3X96,1
A12Q6033OGVFCZ,1
A12RIEEJN4N5WF,1
A12T5APRYD27X9,1
A12TEFCQRSHNNI,1
A12TLV8ZV2L7X7,1
A12UD4PRX1D5IF,1
A12X5IZCXN492U,1
A12X7XMVFAOWWV,1
A12YM8XYCDEA3,1
A12ZPHBEIHN8U7,1
A132PL8Q6AWTL8,1
A13FSH028ER11Z,1
A13GUTDMGGZZDL,1
A13Q6PINZBL32L,1
A13V13Y2DJGFT4,1
A13XR0NV702JVZ,1
A13XXMDHOULEZ7,1
A13Z18UQTUZDX9,1
A141CB4BKDYKDF,1
A14294HZGND1AZ,1
A142YEQ6O81P55,1
A147F5PJTHOB8A,1
A14CLJWX219R2A,1
A14CXV72D0O481,1
A14EEWC3KEF63G,1
A14M1ZIP82L5AD,1
A14M2EERU7E8KD,1
A14PFRHG0A2YY9,1
A14WLAP6TCEKO0,1
A1506T1PAYRT16,1
A150CIC6SJN8JC,1
A1561P9VVA3C1C,1
A157XTOHSJGXU3,1
A15M2LM88W9X3Y,1
A15MK127K9F2DZ,1
A15QPJ7RZ06F1K,1
A15SUPIZ05ZFCD,1
A15UE8T6JQV11N,1
A160PJA1AHEPBX,1
A163IXTTEZCCJ6,1
A164130KKL3XW,1
A167FT5N6YG0JR,1
A167SYXGXFU7C8,1
A168B0VAQ1RXKB,1
A16FY9L7QTDNRW,1
A16HSMUJ7C7QA7,1
A16NH97UQZK3ZT,1
A16QZSBYXE5VY8,1
A1704AM6KQ202M,1
A171S8E9IFSHH2,1
A171UXH8M8F6HS,1
A173A97OFDAX9F,1
A17B2LOOCIKW87,1
A17CI6D7OHS6GI,1
A17FGZ1I5P9RZA,1
A17K1CHOI773VZ,1
A17NHH2B4WXHLX,1
A17NQW9M7YTM1A,1
A17OINLIDZ0C14,1
A17OSPGV41FZ7P,1
A17QU08GPWHEVJ,1
A17RFTJ869XGPQ,1
A17TJCEPO4BEZ4,1
A17U3M6DETD4KS,1
A17XGNIWZEKFGU,1
A17ZMF7GGP6HKO,1
A1823B3S2PJMGQ,1
A1830YARZUAFPX,1
A183WYXN12P2TJ,1
A18B1TWURSJFOL,1
A18EWG6CNKAO2J,1
A18J7H2QA7UQIR,1
A18JZJJYW6MCBH,1
A18LFH7XW61JO9,1
A18P03SF2KILX7,1
A18PL52ZYU22K8,1
A18QU0YQB6Q8DF,1
A18RMWE4BKHG6R,1
A18UCBCCBKS6NY,1
A18WKVB9OP0FAR,1
A18XFOKU5G1OL1,1
A190XML0CTXR3M,1
A197FECF831H95,1
A198MSVO1VTAT5,1
A198QA1OQBUJV1,1
A199A3UQUHZXSG,1
A19CB2C4GY4C60,1
A19F9CLZ0XWBYR,1
A19NJB3QC1XU2C,1
A19OH5PQ7ZZ6UV,1
A19XCVWN5DYJ2,1
A19ZWBQT8A3LIR,1
A1A1A9UHNQCI9Y,1
A1A6UVH1CCP8CD,1
A1A6XMNZM84AXF,1
A1AF392CLGHH0X,1
A1AGMI79B0958M,1
A1AKL5YH9NLD2V,1
A1AKRYHM22KQJO,1
A1AL3A5FY4FNZJ,1
A1AMP9RUXAAV9K,1
A1AMU6ODPAL5O6,1
A1AYWUSULABAXL,1
A1B2GXPMA7YONT,1
A1B4KC5KP7FH1Z,1
A1B5SSGMTAQ9B5,1
A1B620YYEQAYKM,1
A1B84JJ7ATWVJA,1
A1BDJJ3Z71CDKL,1
A1BGU9DXVIURB4,1
A1BH4UY07PJ6CJ,1
A1BIZVZ6ZQPPQP,1
A1BMPDW4YBEICA,1
A1BNR1ZAF1QGWG,1
A1BNYBF79IQ89T,1
A1BSL1VC7PQR04,1
A1BVEXQ684HDEP,1
A1BWNS27NA1JAP,1
A1BWV45RKR6SP1,1
A1BYRO5XDTXEFE,1
A1BYV2REU9Y88K,1
A1C6NTK19FBQO0,1
A1C8FN01981A69,1
A1C8IY9FL6IOX,1
A1C9MQCM0J4F1T,1
A1CA7AZDOHISEN,1
A1CF6U3GF7DZEJ,1
A1CFMY4CEYOM8Y,1
A1CFPKUOCGJIM6,1
A1CHC8M7CWC254,1
A1CIY1VDJKYNLM,1
A1CMT9MVUO52VP,1
A1CUDX7TTS2W61,1
A1CUVBLHQTJZRH,1
A1CW6O6H5BLMWG,1
A1CZ2GB5LZ9O5H,1
A1D4I1QYL9713I,1
A1D8PRNZPXMV02,1
A1D9FOXZ0UT0L2,1
A1DCKRRPA4AWVD,1
A1DF8MGECR4ZK8,1
A1DGW1MH7J6MI,1
A1DIXDR0Y7KXMT,1
A1DJDJMSZTDQRF,1
A1DJDT4B5B19Q2,1
A1DKO0W1JQDJVA,1
A1DPK8M0GKG9WF,1
A1DRFDGG2KCOI2,1
A1DVCIC9NHWHW1,1
A1DVKS3R9SLQ1H,1
A1DWJDNFZNQUFC,1
A1DWQO9X2ZQ35G,1
A1DZMZTXWOM9MR,1
A1E0A0XED4990W,1
A1E1DVPDQOOBCH,1
A1E46RNRQ6P18L,1
A1ECZGQC024OJS,1
A1EF7PCXWNTUXR,1
A1EFWZTCRESQ0K,1
A1ELYVM5GQIBM0,1
A1EN9IMH5K6QQ6,1
A1EP3XESXAG0EP,1
A1EPE2IRWQ9XO2,1
A1EPMMBGWO9XEM,1
A1ESLDCYJIENVI,1
A1ET2J1PIP0RGO,1
A1EUBMQ86K32XE,1
A1EW9Y1CG3DS7G,1
A1EXVI8R19FG4X,1
A1EY3YKOC2DVBU,1
A1F01FVEPYCPHO,1
A1F0MMUJUW3QRV,1
A1F1TBDHPYAAXT,1
A1F39GNAO6CLEQ,1
A1F7G3MQR5UPNG,1
A1F991VPHVNIVC,1
A1FDWMHMTE6JAL,1
A1FEGWS8MK8ZKL,1
A1FFKJJJTADDXZ,1
A1FH90231E356N,1
A1FII6CYCVMJRU,1
A1FKGTCSH9JUM9,1
A1FL6UMT7502JU,1
A1FM61DHSKG1F7,1
A1FTV98X6M266H,1
A1FY6Y51ZCGPJ3,1
A1G17IJC53N6K3,1
A1G187YBG0DVMQ,1
A1G3RFOYK2Q3AG,1
A1G5VSU7WR7HJJ,1
A1G6MPKU6J5BLC,1
A1G84UV90TGHSR,1
A1G8VYFE8JD65N,1
A1G98YIYUDP5YS,1
A1GF464WIJX3HL,1
A1GFGZJPLCHHFH,1
A1GHLU2WTSFD37,1
A1GHOTFE0V74AN,1
A1GKD3NG1NNHRP,1
A1GL2N0J3J6C0E,1
A1GL8LTES7Z72K,1
A1GLPI0ZY3RR9Y,1
A1GNPQ5LM6YY5I,1
A1GTYHV8OYQQLV,1
A1GV0UZU0T2ORS,1
A1GVHFB9F270GX,1
A1HI9B1MMCMVAZ,1
A1HOBE19VQET60,1
A1HRHFU7KTS0KW,1
A1HYA9IORBCUW6,1
A1I20G9FII2FN5,1
A1I3QYJJU5ACFR,1
A1I72NHC21347A,1
A1ICZ6VHY7Y2OY,1
A1IFF4KV23FGHJ,1
A1IHI23KH87K5W,1
A1IJ56N5Z4TT46,1
A1IN92CQSAJE9Z,1
A1INYCH3ZME5B3,1
A1IU5OP7BBZHZ7,1
A1IXVXZ5AYYNMJ,1
A1IYFXLF8HPO0G,1
A1IZ4NX41GKU4X,1
A1J0GU26323WVA,1
A1J3ZOJFQWNIN1,1
A1J53RCE5Y2KA4,1
A1J704NUPLJG5L,1
A1J7N95EW8EGCX,1
A1J9JOT8SNJR72,1
A1JBSFXMMRGSQD,1
A1JCUMHGCZNH36,1
A1JSTPC3O7LBIM,1
A1JTCXKYE72D71,1
A1JVO7FLPATHUB,1
A1JWEKRBLSPL8S,1
A1K816O1AI3EBF,1
A1K8D3H6T1B2C8,1
A1K9Q1HN7QQJQX,1
A1KEAHVVML6319,1
A1KET5Z038NMWD,1
A1KFK92GEFQ9F5,1
A1KFNSMZBQRK1H,1
A1KHRQ121JTDF6,1
A1KI418PLFG2PM,1
A1KJV3S1EK7LUT,1
A1KK4Y91LI60V0,1
A1KN268K1DHF0G,1
A1KS9LITOVPAT8,1
A1KVVI6MRJZTTJ,1
A1KWC8TW8ANBQ8,1
A1KXLKRWKLN9YO,1
A1L3937MY09J3I,1
A1L7T5SC0QFUE0,1
A1L8RL58MYU4NC,1
A1LA6CIGBNDOH9,1
A1LB8HVSXK66U0,1
A1LD9ZQ3XTCWUN,1
A1LG7FT6NTIMXP,1
A1LJMGAUGAL3YY,1
A1LK5FCNTEMEST,1
A1LR9H5NKZ809B,1
A1LTHFEH1CDQ9D,1
A1LVDCY5R80KGP,1
A1LZNQ6Q5JNTZE,1
A1M0JDU08KRH7X,1
A1M3PLZBB92ZTP,1
A1M7G9KKXWH76A,1
A1MCFLAQ4MOVBZ,1
A1MFQBQRNANOD6,1
A1MGX3EISTRNBV,1
A1MHEPVQWUCVL6,1
A1MHIOD5PRD4ZO,1
A1MIJUYTQRM9GK,1
A1MLC8HETIE13W,1
A1MOQM5TY405MV,1
A1MOXHDRAGG0K1,1
A1MU5M60MPH64,1
A1MWX4Z4C1ZBY2,1
A1N3IMJIHX4GT1,1
A1N4AZ1QXPOPXH,1
A1N5QF09CZ1V6R,1
A1N7AZDWEA0S7X,1
A1N7GHHBH8GMVZ,1
A1N9A4TGE3XK3V,1
A1NB29L9EH7JEG,1
A1NF6PELRKACS9,1
A1NI2S8SAL9I3Q,1
A1NJ6Q940T7HEB,1
A1NJTCHIZGQR2B,1
A1NMKXK04PZ6KK,1
A1NNKY5370FB81,1
A1NR3COO33J99C,1
A1NRFTJVO3RNQM,1
A1NSU1VEGL9MJQ,1
A1NZFJHVJ9CNTO,1
A1O0B8163G7W0N,1
A1O0BGHFTMPQM0,1
A1O4TRWZO664V3,1
A1O6YRVDSCJLA9,1
A1O7WQH5BHN4QH,1
A1OB3NPURPFKVZ,1
A1OBEG7QX8K42Y,1
A1OBG6AL81U5EX,1
A1OBLH0H1SSH43,1
A1OD9OA9B34FL,1
A1OM5NWYYYJKQW,1
A1ON8T1EXZI8MG,1
A1ONILGBGJ8Y5K,1
A1ORUO2MGV9AT6,1
A1OUUZSD5DD4ZN,1
A1OZPLHNIU1519,1
A1P0ZI5OQRH0RV,1
A1P2RQ166VS5BT,1
A1P3HHEXWNLJMP,1
A1P5GPJMPOGP8F,1
A1P6OXEJ86HQRM,1
A1P7ZED14W8QPK,1
A1PAY3X73PQ16S,1
A1PBSK32TV6H45,1
A1PDBRYBFMMFNY,1
A1PF01FF85HUY4,1
A1PFGHVYL2HD26,1
A1PNTGXXC137FN,1
A1PP6DN7HB6Q9P,1
A1PS9W2XS67YHE,1
A1PUHCEBSOWETV,1
A1PYMROZ75S4FW,1
A1PZ1O1CUYH4RI,1
A1Q88UMUS6U9X5,1
A1Q9SJY06JLVL4,1
A1QATZN2HAD9KU,1
A1QBJ4BKON5JBJ,1
A1QC1K71RGKZBI,1
A1QG12GOHFW876,1
A1QJX8U3IIL5XQ,1
A1QKIA8XRNEXIG,1
A1QOONZMA2A0W7,1
A1QQQSFD10EGV9,1
A1QTXDVUDSAMG2,1
A1QX1YDOAN4LNA,1
A1QYP69KF4KUUZ,1
A1R0689JPSQ3OF,1
A1R0B8VEGN5VVD,1
A1R1OO9W19LSZ2,1
A1R3HS2C7S4WMX,1
A1R3JBV2TZ3MP3,1
A1R49MZPMBC5Z6,1
A1R4QL8Q72FY1Z,1
A1R5I8Y6BOWGV,1
A1R5W4RQZTROD8,1
A1R8Z6F7ZDQ1HP,1
A1RDMX6NABEH7H,1
A1REOZX0CXPOYF,1
A1RF7T0DE51BKN,1
A1RFH6TAZG0EE3,1
A1RG62CQTBUGM0,1
A1RJIOHZFBH3GJ,1
A1RK5KQQ320OH4,1
A1RKHN69EI6ZPK,1
A1RO7YVP0K6U6D,1
A1RQ3JL9Z4PWZ2,1
A1RQ73OCLGFLOY,1
A1RT9SQ9D9DLOV,1
A1RTXUF535X35Y,1
A1RU9BQLDZ1DSY,1
A1RV2LERVS0A4H,1
A1RV65UP93K0XA,1
A1RVCRC42LY2E7,1
A1S0F6VZT4N9CP,1
A1S1GP4C20ELUP,1
A1S1K7134S2VUC,1
A1S4F2L2O88XE4,1
A1S6QWSCBRYSFZ,1
A1S9YZYFWLF9N6,1
A1SHLWKA0UH1IS,1
A1SISJL5ST2PWH,1
A1SIUJEL2LS8UO,1
A1SLJKNSNHOJRN,1
A1SLMXS0ACCC2H,1
A1SNC8UL8YFRH5,1
A1SNX9NBRRIVON,1
A1SP3GBRZKMWZJ,1
A1SR1UTUO8Y9RC,1
A1SS126YBGHYHB,1
A1STU8IA7S3WOK,1
A1SV44Q1IKU1G0,1
A1SVCWSPL677Q4,1
A1T05ZAYGEPASK,1
A1T1FK3P2N408U,1
A1T1T0MWCPRPMT,1
A1T73S0US6VBQZ,1
A1TBL7E87DYE6J,1
A1TC7LQ4XXOIP9,1
A1TEQTP52NS7D1,1
A1TMZLYXQAK8Q0,1
A1TP63L95MFXUZ,1
A1TPWGU751P9NC,1
A1TW60NCALLP12,1
A1TXOZQU1O4F0N,1
A1U0933IWN98CW,1
A1U1L4PP704ZOU,1
A1U4IY1XXA7UPW,1
A1UD8IFO0J4GW0,1
A1UE0OJO7MM53N,1
A1UEX245I12ZH7,1
A1UGFNSA16TKA0,1
A1UGZO8G0W6HDJ,1
A1UKZZL7ANOZRZ,1
A1UM385OQ8KPU9,1
A1UN4GU5WD60NU,1
A1UNALD9RA0RA2,1
A1URH0YC0FXHKH,1
A1UT24L635HEZ6,1
A1UU6W7EDFNGSD,1
A1UWUVHIHMKA5O,1
A1UYS657H2WSZW,1
A1UYY4EDFXICVX,1
A1UZL0ATEWD4G9,1
A1UZYIJMCBBZF0,1
A1V1AAHOB1B5J,1
A1V2H0UF94ATWY,1
A1V3FV89RVGASD,1
A1V8ZH6E05F3B5,1
A1V9G7V6ZYACIR,1
A1VBE8CY551QQK,1
A1VE1CAMPSYRHE,1
A1VHJ2NJ8UGY9L,1
A1VJAEPNA6YARO,1
A1VLT7RDP2054Q,1
A1VMRCOU7B3TYS,1
A1VMRR4OA9ZOL8,1
A1VOFYYXKZWG7W,1
A1VOQHALN99AOB,1
A1VPD12Q3TBJNY,1
A1VR1XQEQQXYUE,1
A1W5Y0RP1IAYQR,1
A1WAWEY2810TFN,1
A1WBQHVGOYHECM,1
A1WGAGT5ZN4A3X,1
A1WH62NRKG1S53,1
A1WL3NZ50YEOWP,1
A1WL6K3EUA2WOX,1
A1WL8F8EUIG4XI,1
A1WO011N7G89N,1
A1WPCXNFENBSY4,1
A1WR7N7SIYSRHQ,1
A1WS9UHL45VZ0X,1
A1X2NKYJNHB1A5,1
A1X388C6SDCDEY,1
A1X8E3S8EKG52K,1
A1X9OTML2CUQBD,1
A1XATJA7ENOGWB,1
A1XDLU7D50OR8U,1
A1XE5G7H6AO5HH,1
A1XEZ0X9ABFUDP,1
A1XGHGHD0LCPXJ,1
A1XH05IKC77OXO,1
A1XLGIFFGB01EU,1
A1XO6ONCCTBMKW,1
A1XPZSR1885W4O,1
A1XQPDHAN5IY0R,1
A1XUXY84RLKDTW,1
A1XVEKS9O73ERE,1
A1XWQ473OI53WJ,1
A1Y0ABOUJUMCWW,1
A1Y0Y6U906ABT5,1
A1Y3AU17OAXT08,1
A1Y3VYHOYKZ1D7,1
A1Y6WHIX107S7E,1
A1YC186G9QL9TV,1
A1YC558J4E5KZ,1
A1YSYI926BBOHW,1
A1YWJ3SMYC3W23,1
A1Z0IRHKD27SUA,1
A1Z26KLD8VFYUD,1
A1Z5GJ9ZT65RNE,1
A1Z6F6EIUJFC6T,1
A1ZB2OELU4HJU2,1
A1ZB8J12MV8NVB,1
A1ZD6I5J4F20ND,1
A1ZD9SJXQ9C6EW,1
A1ZI4VU6650Q8B,1
A1ZIFC5AFQCDZT,1
A1ZJFIWRYOIZ4G,1
A1ZO4O2D0OMNLG,1
A1ZQ7A1CUV6RD8,1
A1ZRK6K5JUPJAV,1
A1ZT30BGR3266K,1
A1ZTR3WKEAGD74,1
A207IHY6GERCFO,1
A209SA8RTB9T2S,1
A20AGRKP6CB8AM,1
A20FYCXV508HM9,1
A20HZD952T4B2O,1
A20IA63WXHF683,1
A20JEERFVBFWRG,1
A20K3Y13J7378R,1
A20LZN9TNA6VPB,1
A20MUNY2OLDCLC,1
A20NDRGSZZRQF,1
A20PV3RB3I0W8S,1
A20UQB1IQHTYUU,1
A20VJWCDIBKTZI,1
A20WMA17UF3N2R,1
A20X14OMRL0YPZ,1
A212OY08MFDGU3,1
A2196WCNDZULFS,1
A219VCQZADQ45W,1
A21D966T20TNKX,1
A21G010TCSMZZ8,1
A21HDHQPENLF2X,1
A21HRAFQT4OILB,1
A21JGXUOCO3TQ6,1
A21Q7FCKM86VL8,1
A21RKD2FRGOQ50,1
A21SK76H3RJY5I,1
A21UA6O7ZFAIQJ,1
A21VFTNS5FSCL7,1
A21X7WZ7A7ROEH,1
A21ZMR7O42OSMI,1
A222R4PNCF08OF,1
A222XREQ12K58P,1
A22BBAU24IEHPL,1
A22DF0EWILGRLV,1
A22JBMOHQKHTSS,1
A22JC7TQU1W4YU,1
A22K5B3QLR4RKG,1
A22MKBD575TSIU,1
A22OSPDYOYQIAI,1
A22QHUK7Y48T5N,1
A22X4H4XWMRFG7,1
A22Z03NU5RN6AZ,1
A23BQ23YJE0VYL,1
A23BWWRR7J5XLS,1
A23ERMITYZAHPG,1
A23GORW3C5XQJE,1
A23IRC52O1KBP,1
A23JA6ICO4BPQ5,1
A23KAJRDVCVGOE,1
A23LH0S26G0KSP,1
A23NNK9L4DK7BU,1
A23RIT66GBD1P6,1
A23U5FVNCVIFW,1
A23WJFDU44MVHY,1
A23Y6SGE73H4IW,1
A2428JFSF3ADU,1
A242H4VIXEU4Y9,1
A244W09L7E2BRZ,1
A244X2KYRPNOEO,1
A248QG4DPULP46,1
A249IGDW8Z6D7I,1
A249SC895MT2XI,1
A24AR97B8LD8Z7,1
A24HYROUW8ZMZ,1
A24LUXW1DB1QI5,1
A24NDC7JH9LEM1,1
A24RQYIDMV7OPK,1
A24XOGAC1J36WA,1
A24Z8V5IV2VJ8F,1
A252DOGZA97X86,1
A2541C8MY0BYV3,1
A254DUACXAQJ5N,1
A2555Y61A1XMOU,1
A255V2M0CC1G8L,1
A256FHXGSY0E5D,1
A2581F7TDPAMBQ,1
A258LEL114E2DC,1
A258MR1IS96JEP,1
A25HKP46PWOL4M,1
A25HMNRVOVP3RE,1
A25LEPM9R4FAUZ,1
A25R2OI9L2Q1OW,1
A25VLL53VCMBQI,1
A2615YW1YERQBO,1
A2653BIPJKEMRK,1
A265K8PAG1SP2Q,1
A26F4V1IL66L6S,1
A26HH5XUH214F7,1
A26ILTFLT5EZ9K,1
A26LOVXF4QZZCO,1
A26M997VYVK0E6,1
A26MN6JIKD4NXU,1
A26MRON9XGPVB5,1
A26NGLGGFTATVN,1
A26OF1IS60MHHJ,1
A26U3I04KNBNLK,1
A26UW822URNS4Y,1
A26ZENZ5G8AEGM,1
A270HX8LH9LJ8W,1
A270ZP14N3FLZ4,1
A271A8U1LYIH3D,1
A271V19C06841K,1
A272A0JGRTBFCR,1
A272X64FOZFYLB,1
A27543PSHZQKUV,1
A27DIDSQTC61N6,1
A27FNL4YGZ642K,1
A27G764Y5BCWZ9,1
A27HEDCHZ82F61,1
A27HHKRML0RODB,1
A27HVVLSZZ13XK,1
A27IABVBUZ9X8Z,1
A27IUQDZPHETTP,1
A27MJOV91GA8R3,1
A27NBGO9FXJS8Q,1
A27NIAHR9UI4K1,1
A27ODHA3747UVP,1
A27PVIL93ZMY46,1
A27SBRT8TFWY49,1
A27SMEOPKV84VI,1
A27YNVBN7PQH4V,1
A27ZE20JZ3VDUP,1
A282UVFL2R927S,1
A2893XPPQEFECJ,1
A28A3HF3LSEIDT,1
A28AXX4NCWPH1F,1
A28FOAYDLGVHKF,1
A28HEFDXMM4MA3,1
A28HXF0W09319G,1
A28J7H4TH29DC3,1
A28JXW5YZJDNK4,1
A28PBIZ3X36QIQ,1
A28PJNLAJHZP3D,1
A28WN2SVVIH1T9,1
A290CP8KY74QV3,1
A295P5SW3N83P6,1
A297OTX4PW0XS3,1
A299J4PKHAEU9H,1
A299NQJ4EW97SR,1
A29AAHJ4QNI6V0,1
A29D0Z2CKYKJ87,1
A29D4ZPOOVI2Y2,1
A29F8BDVGKXMZS,1
A29MHJ988QYEDN,1
A29N95O8PCUBOT,1
A29O66X8W1OHPX,1
A29R521DKD12EQ,1
A29RROPO0Z90XV,1
A29X1A8AF3TUQP,1
A2A07J1P6YEW6Z,1
A2A3HUY3YYKG2C,1
A2A4DJKCY4T6N5,1
A2A4Q3XU50SBE2,1
A2A5ICTRPS7YQI,1
A2A6CBJZZDJNWF,1
A2A6FH0F7LD9ND,1
A2AB3G7JCT8GFA,1
A2AM62BHO8G9MB,1
A2AOLHLJNAZ4EC,1
A2APG8MSLJ6G2K,1
A2AR1WRA370CBC,1
A2AR4111NZ10DE,1
A2AW84LKJU1EO8,1
A2AWBDW9V1E9KT,1
A2AZYU1CT24O0K,1
A2B0FLA55RH047,1
A2B1YSMEHN1G2K,1
A2B4A43ZAMZBVT,1
A2B880UFRZ1W3J,1
A2B93NS1ZZ7QD7,1
A2BA9Y6VGW6WS1,1
A2BACJE00ZUDXS,1
A2BAZB0K6BTZI3,1
A2BBDH8DZD77AU,1
A2BBL0W6C0PHM8,1
A2BF4L2P8D4Q0U,1
A2BFEFUK2KJPI7,1
A2BK45LZGGWPLX,1
A2BNOEYZ3VRW2R,1
A2BO8M77CS3SGZ,1
A2BPBFN87X32NO,1
A2BTDO9T6KSE06,1
A2BXJ69ECQZVSS,1
A2BXQ8SZLFQF4D,1
A2BYPZZE2IVGQP,1
A2C0QNEIOSKAV5,1
A2C27YTQSQ1GXS,1
A2C2WXXKJOLCZ2,1
A2C55JSDHF5BT8,1
A2C5880DXWXOE0,1
A2CA9R4T9ZFWVP,1
A2CAVHHY7X7YBP,1
A2CBN20852YDQQ,1
A2CF2BD4Q0ZDJN,1
A2CIFCKECOSW0S,1
A2CK0OXMPOR9LE,1
A2CMYWI1J292YJ,1
A2CNXQG6YYHTDF,1
A2CX7T804QP195,1
A2CY1TSQ3KKP5Q,1
A2D41FQ2DE3JM9,1
A2DDOEOO1D99X4,1
A2DHKTD1GSBXR2,1
A2DHLFPCDUTK2O,1
A2DIMH7JLAATZ6,1
A2DLXWGI1XFHZ0,1
A2DNY7NY40WYWF,1
A2DQPRIY1W73NY,1
A2DVV59R1CQU6T,1
A2E0LU8V4EUX5C,1
A2E1GWCDFUAZA3,1
A2E3TO92MCQ9XU,1
A2E4YIWPG15S0O,1
A2E5PZUD6W4OA1,1
A2E9FE9O7CVB7G,1
A2EAP2QEWWMPUN,1
A2EED3HLTA96CP,1
A2EFRLUI1OBQ05,1
A2EHKB8T5FPLPU,1
A2EKQPPOBSXLQI,1
A2EKR2ZFO10VMV,1
A2EMTSJS47K8SU,1
A2EN7QXUOYJL0K,1
A2ESBX4C2Q6TQY,1
A2ETARP95NIALM,1
A2ETSATXP9MTZ6,1
A2EVPU8I1FRKZF,1
A2EZNYQ029EA3X,1
A2EZNZ6X58RTNR,1
A2F0A4FIVT9M3O,1
A2F9O26XZLGLP2,1
A2FARB7LA24AU8,1
A2FBJM6B6WD647,1
A2FCOEKAM91K78,1
A2FDIC8MIK9NGS,1
A2FFMN0E9IUKQ6,1
A2FGKKWP33DFWS,1
A2FL477TMKC91L,1
A2FT6AO4QTL01G,1
A2FW2A0XGWD73O,1
A2G33KT8H1YR1D,1
A2G51RUKEWXT6C,1
A2G5GGLXD2KSZS,1
A2G5ONLOJVOL2G,1
A2G8DTHDX0XO4I,1
A2GEONEBY920PW,1
A2GGKN1LCJKZ5F,1
A2GJK2MDTHNQ6Q,1
A2GNJLWAI1XFQW,1
A2GPRAZMQDRPJP,1
A2GRJVN7B5YR96,1
A2GV9WSNSPX53,1
A2GVON0W6E874S,1
A2H0N6E3X8JKAN,1
A2H0RA4Y859QL1,1
A2H2NAJOO8UZMY,1
A2H5YEOMOPC9G0,1
A2HCBDGPN6M4V5,1
A2HHGI5CNSS5PD,1
A2HM5ZGHRDF5FF,1
A2HPQXV92ABG2C,1
A2HRUFTA09371Y,1
A2HSCKH5NKN5LP,1
A2HSQSKBHIHFM1,1
A2HTN7HCNBQ8V4,1
A2HU3J82EERYS6,1
A2HWF3DPE0MDCN,1
A2HXTXD0IMKUN0,1
A2I19TY4P5IAIE,1
A2I2O8QCP7XRC6,1
A2I3Z5BJEBYS2D,1
A2I43BDUPAM00C,1
A2ID4B3JMUWAP7,1
A2IK4Y33UY7YFK,1
A2IKMTZB40S0WO,1
A2INXY39KBM92F,1
A2IP3ZAFYGV8M9,1
A2IPN3YPD207EY,1
A2IQ0QCTQ3KWLT,1
A2ITBEM42VLLLN,1
A2IU5TX5S0FA1C,1
A2IUT0610X9CV0,1
A2IUUSQGQDEYID,1
A2J0MGJFLGQOO5,1
A2J1A9GE02VQHR,1
A2J237J8KM3OCS,1
A2J35LC986OZWE,1
A2J3D0WQST53Y,1
A2J6MMNWUJQUXS,1
A2J7PEUIO2WVUN,1
A2J9ZWDTAFJW65,1
A2JDYN6QM8M5UN,1
A2JH4QBXGHJ47M,1
A2JI5RNPPXE8QE,1
A2JNSJVSHXEMDC,1
A2JPOXYZM5AJZZ,1
A2JS2KQ3OFHGGZ,1
A2JY56TZCEPK3J,1
A2JYT3A8Z3Q2M6,1
A2K0J5746V53H,1
A2K2S0P331IZHL,1
A2KJ983WWTEK4L,1
A2KLJKDG90K1PP,1
A2KNDTYE4PUIQ1,1
A2KOVSTZGWSVYC,1
A2KOXR5OXIFUIW,1
A2KPTJMOIYHG69,1
A2KRMEFSZI5ZQJ,1
A2KTQ9M7CW05XF,1
A2KVNFOIRZ8PTB,1
A2KXARDIOGJL8T,1
A2KYOM2ZGYDJGT,1
A2KZK11HI2IKU5,1
A2L280ASRFRSC,1
A2L366NNL1YG5W,1
A2L3FHI2G9JPNL,1
A2L5J9XWM1ODIL,1
A2L6BIH06FWERW,1
A2L6PWX74XXJAC,1
A2LAMCJLVCRQ4T,1
A2LEY4X3LD8G26,1
A2LFM01A16YPKG,1
A2LFVJ28A2J2PK,1
A2LIBGWOF6QSZU,1
A2LJ4S98T4M60E,1
A2LMQ4497NMK3S,1
A2LO2DX6H49IKW,1
A2LSQLL0DOBPCI,1
A2LU259QPV1I4V,1
A2LV5432PV1S39,1
A2LVHZVFWIF0UU,1
A2LVWKZEY0TOAV,1
A2LZ0TBYJ91GYQ,1
A2LZ5AVXVIJUXJ,1
A2LZSELECGE94T,1
A2M1P64TNXTI15,1
A2M3KQ9CKP7YW,1
A2M47ONTL35B3A,1
A2M59R65OZRNNX,1
A2M6ON3DU45IEO,1
A2MFMT03E21ZIT,1
A2MOJL9ZZ5F1VU,1
A2MRZ3430630LH,1
A2MUCL20GTQJA0,1
A2MX5HD70QC681,1
A2N8HFHD27V4AP,1
A2N9U74YIPDQ9F,1
A2NA2OJT15COZY,1
A2NG8WBP3Y2G5E,1
A2NGG3KW6YTS1G,1
A2NKW6JBEM4LL4,1
A2NQD5F281Q4LQ,1
A2NWYREFR4MI6V,1
A2O2Y99RA9GFUJ,1
A2O639LEW4TVHC,1
A2OATZCX1YXE77,1
A2OAZPREKF6PQR,1
A2OCHSID6ZLHR5,1
A2OD718YCJ4TQ1,1
A2OFPQXAHFM6D1,1
A2OFWHV8IP7HK,1
A2OL8UJ2XQQXU3,1
A2OO4PG3LBLP5I,1
A2OO6AXAUHXOT6,1
A2OV5NPNDK5O4C,1
A2OVWCQ4B9AHFY,1
A2OXXHGAM7B0Y,1
A2OYV1SJ4I4QK3,1
A2OZ5SOGNN9QOA,1
A2OZ9CAFQZHTYD,1
A2OZTBCBOCHF9E,1
A2P065E9CYMYJL,1
A2PB1I8JWNLJ70,1
A2PFCOGFLNUEMV,1
A2PHQG13R8WMUQ,1
A2PICRJI4WHJB0,1
A2PP8CMYUETKL4,1
A2PSR3CMNR1R9X,1
A2PTXQ060AH5S5,1
A2PUL3ZDXOW0VZ,1
A2PXJTMWGUE5DC,1
A2PYXFVGNJPPX0,1
A2PZ8MVVT6TQJM,1
A2Q4Z6CADBW6WD,1
A2QBFXY9UQMJTT,1
A2QCDKTLMY4P48,1
A2QG1N2LFV0VXW,1
A2QH1BQA6GR48O,1
A2QJP5BZ7B523H,1
A2QO8TLJCJDXU2,1
A2QP9ZGIW4R7C2,1
A2QQY4S73JO639,1
A2QSHVV46T1SPL,1
A2QUXO9OJY69QM,1
A2R02DYCDLY75U,1
A2R0YYUAWNT7UD,1
A2R2SRVTIP1ZXY,1
A2R3KB4TLIVOJM,1
A2R5P2C1SZVRQ7,1
A2R8ER5COD092,1
A2R8IV2PWFTY00,1
A2R8O4RCPXHOBK,1
A2RBVMD2HTBCZ9,1
A2RGHUEITGT0MG,1
A2RNCA7PK35LHT,1
A2ROTKVJEQSJP7,1
A2RP1QQW8ZTEB5,1
A2RRDATXKQ8HHC,1
A2RU9Q0EQVE821,1
A2RZ7G6F6W6HRP,1
A2S0C3MX333PHY,1
A2S3XG5L7MEMXN,1
A2S4YDJ9UGAXFQ,1
A2S5GPVIUV8RJI,1
A2S75O867RJG0I,1
A2S834OHCORO1W,1
A2S96ZZ70YFPSK,1
A2SBN9B6Q3DN2X,1
A2SD7GN80U31GW,1
A2SDHT1P0T1Z8O,1
A2SHW0DG5W7I5Q,1
A2SKH7WZUEDGGI,1
A2SN4E7PX1NCLY,1
A2SNAXBDSA5P06,1
A2SSYBUT9ZM0G9,1
A2SUSP7BO7ZCPM,1
A2SWQM5X54P1O5,1
A2SYRFPPV9WDEG,1
A2T007HZK66WM,1
A2T11H7YI7QPGD,1
A2T2WRW85CB935,1
A2T3N9U2VPSFUM,1
A2T4WZ9J4YZEQK,1
A2T50DFGASW68C,1
A2T90UGRM01GEP,1
A2TAFLACRRV5EP,1
A2TBXASXZIRNNW,1
A2TC1ZFCTOCDA5,1
A2TGT3EVYQOJ8P,1
A2TKHXY755FAM,1
A2TLN8489YGY81,1
A2TMFYLYB0IBSW,1
A2TUNPP2GOQ1N3,1
A2TUS3SMO9D6JU,1
A2TUUKEC3BZL21,1
A2TV11PLN13Z7W,1
A2U0JT7TSIIXPS,1
A2U7U0A4G92GTR,1
A2U83S62P8SZ6T,1
A2U8G8E8BBU344,1
A2UC4H3EHIMWGC,1
A2UCKZZI9KBBCV,1
A2UF26QQNQOFCZ,1
A2UIGDOLX5RV95,1
A2UN26D23UGEGS,1
A2UO3QJZNC2VOE,1
A2UREJJH126LX9,1
A2USG1JP96FTV,1
A2UX0UXTM5AJQ1,1
A2UX7ZJEGGU5,1
A2UYZFH5VT5R3H,1
A2UZD7RD9SVTI3,1
A2UZXRV8QU8TGS,1
A2V1T6RKD06I2X,1
A2V4DP31BEVABF,1
A2V6A57T9UOODX,1
A2VBSFSJXLZZ7A,1
A2VDBWIHWE1SVD,1
A2VE5IV9OD2SK1,1
A2VGEE0ZIZ8CBQ,1
A2VI55LKT5L4KB,1
A2VR0KBCWPY8E1,1
A2VRDE2FHCBMF8,1
A2VX8B1CJXRN2,1
A2VY16N1O40VEL,1
A2VYCM4KFXFK6N,1
A2W3SU4RZN9AZD,1
A2W5Q0IVJUS7Y6,1
A2WC2NO555XU3J,1
A2WETCIWJT79CQ,1
A2WEZ7ZSLPQT4N,1
A2WGKPT1Q7999W,1
A2WGW5Y3ZFBDEC,1
A2WPHVMLLEV5ZB,1
A2WPKP73S4MBLK,1
A2WTDVHVVORNDU,1
A2WWFBKCUC55BX,1
A2X4CERQTZ6A10,1
A2X5B84DKU5YB1,1
A2X7KAXV43YQXX,1
A2XALDG2EOF7G3,1
A2XBQHAR5YFGRA,1
A2XCEMBRPHIWEG,1
A2XGOBIWUDYLOT,1
A2XJH3WC02RMXQ,1
A2XM0NXWJSURRX,1
A2XPWASDT8AYXH,1
A2XQ3CFB5HT2ZQ,1
A2XQ3P6M9NZNYB,1
A2XR8TBWW9DJN3,1
A2XRYF0L5ACD2E,1
A2XUIA1605NDJ1,1
A2XWTRVP32BO4H,1
A2Y17WRO0Y5EK2,1
A2YGOORS5N9RW8,1
A2YHSU2IJZ9J14,1
A2YKX9Z492WBJ1,1
A2YLF04UAKYVF1,1
A2YLITZR5KZVD5,1
A2YOVBJ9EXAI8W,1
A2YQAE441JMA7V,1
A2YWSSQEXXCRGK,1
A2YZUX3YMOKUQ3,1
A2Z0V2A4SP5QE0,1
A2Z2MH6EOHSLMP,1
A2Z36ZAXHOMSMP,1
A2Z43TA0WZ0EG0,1
A2Z6NL0CTXY0ZB,1
A2ZBDSR2LZNVAE,1
A2ZBYVQLDUZOV7,1
A2ZDEERVRN5AMC,1
A2ZDQ7YVKJUV8E,1
A2ZJS73XSSMRTD,1
A2ZKDXVBCMH3AO,1
A2ZSCVGR8XBZ1I,1
A2ZUCKYJE4DPV7,1
A2ZX5TLZPAQ2XD,1
A2ZZW6KME1FUDU,1
A304PUXIRA930J,1
A3059TOI97AD3P,1
A308PFK9H2GNCS,1
A308VDNYF180ZF,1
A30BPQ2QGZOXN8,1
A30EW7A7I9E2NU,1
A30F1NPCF53CRE,1
A30F2FTZZF33AS,1
A30FCN88F8DZOT,1
A30GA8KZBSU7E4,1
A30HUZHJBOX1LK,1
A30J2KA0KZD6FD,1
A30NX5HEQGGFPP,1
A30NZAZ04OUGQD,1
A30QJ6OLAICVI7,1
A30RAYNDOWQ61S,1
A30RLMU6S57XR0,1
A30VLAIIJIG5IS,1
A30Z8ZTR18A4DA,1
A312KFQ78WB3A4,1
A313LDOJS2HB5G,1
A31681CCEVDIH3,1
A31B6994BTRRU5,1
A31CNXHGR49DJR,1
A31L29GG26JFTT,1
A31LAW5AW4IUNG,1
A31MUX0WVEC6XU,1
A31N6HL61STTNB,1
A31XYT36VCZD4O,1
A31Z5TPD8QKE26,1
A320QA9HJFUOZO,1
A320UPC8BQ6X2N,1
A3248FCCWCLPZN,1
A327SL6EJH2J5E,1
A32EHTVM3HPZJ8,1
A32G9RTG0JW13I,1
A32JEH06T23HDF,1
A32KKF5LXEPYTV,1
A32PNTIGJF38XQ,1
A32QYANWMXW8EL,1
A32SRDFNUXN3BZ,1
A32TTQD1N3BCTA,1
A32TZSP8W8GRQ7,1
A32W2O02CUQ2TO,1
A32WM5P7DUTJKA,1
A32WXP3NOROXHU,1
A32Y2N9XYGNOJ1,1
A331PIELPNAN4A,1
A332J6LQ2R7440,1
A335Q3DI5N1U6G,1
A3388HIWAKD3DV,1
A33AZCOKCCTUXV,1
A33BL8T6U0ON0I,1
A33G97SPGZ03Q3,1
A33GA8HG3D0OSU,1
A33J3AD5Q5XI8T,1
A33MF851P56BFH,1
A33QIOA2EYW0LC,1
A33ULYULNG7D67,1
A347XXV5JH19PB,1
A34930YXVQ8SUT,1
A34AQDMF5GVHVY,1
A34FEDYGGZ4BN8,1
A34HI8SUOSS1YJ,1
A34HKFZ7LF12EC,1
A34MRQ1OP87XC6,1
A34OKMM1CM7ZSR,1
A34OYBFQ9IIUI7,1
A34POSQTSM1850,1
A34PZU7S7JCAJO,1
A34YD9P7KI4RF,1
A351P2O6QGTCS,1
A353R1NNC6AP3J,1
A354WC2PVIVMVG,1
A35506802CMX5T,1
A355BVFIOODRH2,1
A357BORERBTE76,1
A35BKXOE6C5ITG,1
A35CBEKIB7Y93S,1
A35F7F0DSET2BO,1
A35HJ2D1T9U0WT,1
A35J0Z5315SEBK,1
A35JCNZJI2MQ20,1
A35JE34IM22W4,1
A35M8ZTS741X56,1
A35NV43LLX3X3L,1
A35P8YSNTQ7OTP,1
A35QBPE5X5UL3S,1
A35SB07VUXJ4XV,1
A35V4TQACAKP8R,1
A35XHKFTLZ2XWE,1
A35XZRK8CZWYBN,1
A35ZVO654GOBP5,1
A365SN61J4UNGR,1
A366SN684TASLG,1
A366XT3FM92R6H,1
A367EFNK2H7JEP,1
A36ADZHZFFDEQA,1
A36CVMTCWYQEAY,1
A36GTTPW17HUL1,1
A36KZTLVQWGRYW,1
A36WMCXP1MNYXP,1
A36XRQYQ4BYQER,1
A3722NOMVUK89T,1
A37305WO4S8COJ,1
A375M3QTDK73V6,1
A379LNDUD2BYTJ,1
A37AW0WH925X2Q,1
A37C9M7J88EWEB,1
A37CO0N1KC1CDW,1
A37ECOJBARCWZP,1
A37GCYMFJULEBE,1
A37JR1K53GSXZ6,1
A37L6EYSKNGMJ,1
A37M4OVE9R80G,1
A37N4JY3863YH0,1
A37P8UZ3SAKM7A,1
A37PO5YNKE5D97,1
A37QFZ8I1TGH2C,1
A37QTYXK928IQ0,1
A37S96RT1P1IT2,1
A37SAYSVQF9M46,1
A37UAEDJV33QQ5,1
A37WXDYYT7RCZ0,1
A37XBH865833FE,1
A384JWB3HNS9E3,1
A3862RIFFUV141,1
A3882X58NJHRI5,1
A38A4F7DZ3T13A,1
A38DXFI1TZA295,1
A38QBMMEOFE61V,1
A38X733E0KHZO1,1
A38YRQ0JRRLJ38,1
A38YYLJ92QRU22,1
A3914P24XPNPY3,1
A3952WV1T54ESZ,1
A395CPE8KH4W5J,1
A397UZ7NAKTL0P,1
A397YXQOHY95LV,1
A39DP4T75LXV0X,1
A39G2Q9D2F0YWB,1
A39J5RLVDTM6SM,1
A39N8HSLEQKYSW,1
A39PK1P6ZONEIZ,1
A39VDI1CVOMMIN,1
A39XIQCFSCNHFU,1
A3A07QA5U733HQ,1
A3A2AZLG73ZE1U,1
A3A2I247PWJ8NL,1
A3A8P4UR9A0DWQ,1
A3AA5G6HENO6VJ,1
A3AB75C52RFN34,1
A3ACR8IG31Q7K6,1
A3ADP5EDYSB9HD,1
A3AEB49UCH3DFU,1
A3AGJSGD009WMM,1
A3AJM8TBH0D9C2,1
A3AJR1PM02424Y,1
A3AO9CWIMY299F,1
A3APKUC67F9IMW,1
A3AW887GI0NLKF,1
A3AWC4P8QUK1XB,1
A3B1P3B6X3AM2B,1
A3B4CNX1GH6O54,1
A3B6LGCAJD7VE4,1
A3B9OZQTE4US3T,1
A3BBDCU69807T2,1
A3BFE7BA8H8BW0,1
A3BFMY5OX2WMUW,1
A3BGCHI2LSGHMQ,1
A3BHC8XH566T0Y,1
A3BHRFFG75X3GO,1
A3BHWR32XVJSXJ,1
A3BL2ZEODD79AZ,1
A3BN0B0S7KKAIK,1
A3BO0RBPVMZSQ4,1
A3BXT78QXFC6F3,1
A3C2PSZEKN8OWD,1
A3C3RLZKKHH1FC,1
A3C4VOF1A1X9Y1,1
A3C9TNF44721LX,1
A3CA7SCTM4H9IO,1
A3CAF7LTD3ORSG,1
A3CDN1UWAMQKCF,1
A3CDNFO95X3Z5W,1
A3CFF2BT7P8FL4,1
A3CFNUD7VR2E1E,1
A3CFW5C8RUB1H,1
A3CGQOJC28OVGN,1
A3CH1Z6J9R38G9,1
A3CJS37DSXQOAZ,1
A3CMDYA9USA3MR,1
A3CMGUN9TSAQRG,1
A3CPGBZQ6RS3T7,1
A3CPPBPJ602FG1,1
A3CVY8G619MGTI,1
A3CXK1KSRGU27V,1
A3D2GO0IFRFN6R,1
A3D2U4QF7821ZW,1
A3D6IPJ4RBCNVY,1
A3D70ANCSMGX5F,1
A3D83BHK0KS27D,1
A3D9NTTKE35SRL,1
A3DEG7PE4RFCWB,1
A3DFNKXIOUFL23,1
A3DIP2ZSJMUBN2,1
A3DIQJ6SGWTXZD,1
A3DJUWNZ92DOI7,1
A3DK2JKNC7E3Z1,1
A3DOAHMJLJYOA3,1
A3DT085TCZLLMH,1
A3DTPGXKABAFEJ,1
A3DY78Q4FCWTXX,1
A3EG4C9T4F5DUR,1
A3EHDY67QENKPT,1
A3EKL7OBYFOPAH,1
A3EMWZ9KUHVB98,1
A3ES3L0I9562WV,1
A3EVRS5DB4TE1A,1
A3EXTXQ66HJOT8,1
A3EYWJCIO1MG9W,1
A3F90N8YVKJ4I7,1
A3F9N2P4NUUR7S,1
A3FAYGE3ELY9GY,1
A3FBVDHEF7VAR0,1
A3FE2PI4F99LER,1
A3FIJGXCWIHHQ5,1
A3FJCLBK3HF4PD,1
A3FNC8ELMK8YJA,1
A3FNUU6B3Z33EM,1
A3FO0P0MLGMP7N,1
A3FPOM9GHXKTCO,1
A3FQNF5L1Z9Z4E,1
A3FVGISXJ5VX0X,1
A3FWYOGYM4ESVH,1
A3FZAWWYRKK6K4,1
A3G2FBKYCRD5Q8,1
A3G3RQM54FY9VF,1
A3G55RJTW3BSGM,1
A3G7JA4CSMJZ9L,1
A3G8NSPRF986WP,1
A3GAQNTZ1V1VO,1
A3GE30DPGCRLTO,1
A3GFC0TORB3TDI,1
A3GFJZD5MLORJ0,1
A3GFLLEH148ZJC,1
A3GGA7I8AFZ8KZ,1
A3GJWXA13GMS9H,1
A3GL5ITOX5JKPT,1
A3GMJRDLLBX46V,1
A3GNQDFPZALU92,1
A3GPTSDDHJ2DBV,1
A3GTSIHP79F5IN,1
A3GTXSRDGL9OUX,1
A3GUM1J7OYRYPR,1
A3GXSHLBND9E92,1
A3GY4WQ6TQ4NXL,1
A3H4EAGPMBKVTJ,1
A3H742JJ9Q8DZW,1
A3H7GCFS21E253,1
A3HALUPLZ4IKYJ,1
A3HBCD1CH0XN8R,1
A3HL2LL0LEPZT8,1
A3HNEYFOIJWPH1,1
A3HOBJ4PJUOCUN,1
A3HTLXAPOBCVVO,1
A3HWXJ6JUX4QU6,1
A3HYLVFUDKJFKC,1
A3I1W58P6SIV26,1
A3I44IWN3NUKVQ,1
A3I4KVQ83TTADJ,1
A3I5NRD5OY1NE9,1
A3I7IZRR9RAWAH,1
A3IGY2ZODQDNYZ,1
A3IGZYNVHK9L0Z,1
A3IIFBETASAM87,1
A3IR0Q4EF7LE8D,1
A3IR7DFEKLLLO,1
A3IX94EPDVGBWO,1
A3IXWFXJC2YKU7,1
A3J0X7ZQAXLFPI,1
A3J2JEHSHC6T5R,1
A3J55BJGV95JKH,1
A3J9EHZQ9PERAX,1
A3JG44GC9BIM58,1
A3JGXX028V7LH9,1
A3JLE2LJ5I17E2,1
A3JOWYAD39GZUZ,1
A3JRVW867JTPT9,1
A3JT2I4GGKDYPE,1
A3JUPCWYN6N6H4,1
A3JVG39ZC5U3AE,1
A3JZS32RQUWGJM,1
A3K2I6TDLTDIQV,1
A3K2VLYC2UX2DN,1
A3K43RI91Y567E,1
A3K5NZ8ZLUD9PX,1
A3K9GTQBOI7O5A,1
A3KE35E6VK782J,1
A3KF6O09H04SP7,1
A3KNO82DZ519HG,1
A3KP8KFGG6734Q,1
A3KPQ7L5FS8SD6,1
A3KU8DC7HJOGCM,1
A3KWA2HVFR4VZO,1
A3L0DCUXI7X3A9,1
A3L3QOG7X0242,1
A3L3ZFL1NYFTCF,1
A3L60SOWLYEDN2,1
A3L8LSM7V7KX3T,1
A3LC6M2EMDBBXP,1
A3LJLOLSBFS1EQ,1
A3LL096CAY5WHB,1
A3LLOANE52R4LT,1
A3LO2A14P7D0EN,1
A3LPHYONE222OY,1
A3LQNB4T0LQMWG,1
A3LRZX8477TYYZ,1
A3LT7W355XOAKF,1
A3LVO816U4WEEG,1
A3LWAR1QNK5ECW,1
A3LXYWW0GPII53,1
A3M706WDRF9W4E,1
A3MJCHFORYK0US,1
A3MOHY42B7HDWU,1
A3MS21UJPMHLK0,1
A3MYPYBVHX7FQ2,1
A3MZ9RQJX9T656,1
A3N0QZ9ZKUCTCQ,1
A3N3GGRTTDFKLF,1
A3N40Z29QX64UJ,1
A3N5P5VO81FIJ6,1
A3N7R7P9HP2YB6,1
A3NEY7ZU5Y16AI,1
A3NFCTOOB2D1ZS,1
A3NHMKVK98NY7I,1
A3NJML8QQIXTAZ,1
A3NKZMF7M4X0ZP,1
A3NLA93RQQMSVF,1
A3NM5SP9NZ9BOJ,1
A3NMU6AVMQ0QDB,1
A3NND5DLB35WTX,1
A3NUYAG56BPYBB,1
A3NWQ0535HAXUD,1
A3NXT3OVGL7QNR,1
A3NZAEOHAO5LT6,1
A3O81LHBBI8NPK,1
A3OC0ZHZBEPEA3,1
A3OLRWACCCCUTU,1
A3OOGICWSLXYB0,1
A3OTBMKOEQ410P,1
A3OW5EFQ5QFD19,1
A3OYUJ6E6BJS4H,1
A3OZB09ZZLZEFQ,1
A3P5WIW36V70AI,1
A3P5YU4O9IB4RC,1
A3P7M9666KJCP,1
A3P7XSX4AH6VRP,1
A3PHTY8E5TZS3H,1
A3PIRKF57QSWMS,1
A3PJ6DTLE738MZ,1
A3PMGUAC5XHORQ,1
A3PQUGIQQBPR98,1
A3PRQ2GSU42718,1
A3PWUIWBKKJPGB,1
A3PZFH5OCGESG3,1
A3PZL2JRR3JW8S,1
A3QCK28LCPAAVE,1
A3QDFV8LK9A1HX,1
A3QF6T336J98ZE,1
A3QI1RV4HQ9MOC,1
A3QJ14Y7N8VQ42,1
A3QL8ZAD9BKWUF,1
A3QLGMZOLGMBQ1,1
A3QRZPJT2CT2IK,1
A3QS3LQEMNFK0Q,1
A3QSFE6GKO157S,1
A3QSJY1FFN0N6V,1
A3QU3KM3IYWHIF,1
A3QU964EOJXS56,1
A3QZMGTVA4VO44,1
A3R5OJR60C6004,1
A3R79CYQ817AV3,1
A3R93NB2CPSTVQ,1
A3RBT2X7FTDWE8,1
A3RHW7IVL8L3TI,1
A3RKW383ZRTPWU,1
A3RMV9ZGFJ0HHF,1
A3RO0QIXW4IX3Y,1
A3RR85PK3AV9TU,1
A3RSZN0UNN5GSC,1
A3RWGM2Z4WVHKM,1
A3RYH6OUH7BJ4Z,1
A3RYI5HXC2MJLN,1
A3S04U588JNVGQ,1
A3S21Q9L73396J,1
A3S3WYVCVWW8IZ,1
A3SCKN4XUE6OK3,1
A3SD02HCW68EUL,1
A3SJA2R2M8OHYL,1
A3SJM8RNKFQ57B,1
A3SKEW89V5S0DI,1
A3SMJ88V58YGAI,1
A3T021IZ1409ZH,1
A3T1AU8XOEZZXY,1
A3T61LJ1WNOL6Z,1
A3T8P3B6LPDMHR,1
A3TCGP2PB0KOSF,1
A3TDA1NWHNQFE3,1
A3TK42KL2AR9LL,1
A3TKHMWW3PCU7F,1
A3TU0LTYMXEVEO,1
A3TVWGD1XIEKKD,1
A3U21PUMQ6NGT2,1
A3U2UNSYDPS933,1
A3U6IA3JUSFZ2M,1
A3U7EIF0P9GQKI,1
A3U8OPXSAWX6JD,1
A3UAPRJ9YHYHGB,1
A3UDUHUVFKD833,1
A3UHIHEGRJPS5T,1
A3UJ1D9EKLIG7A,1
A3UJSDFJ9LBQ6Z,1
A3UM3RQRAL4DP5,1
A3UN1F1EOHKKE6,1
A3UNS38BYD3OQR,1
A3UOYZ22VJFNAY,1
A3UPAXLDS67HKJ,1
A3UPZ88FI1EJC,1
A3URPCC9XF9DYB,1
A3UTN0AYFPC3QM,1
A3UTSRN8QLKWEA,1
A3UTX31M9E1Q1M,1
A3UV55HC87DO9C,1
A3UYHP1IKCNN7K,1
A3V0XKWWU5PMMW,1
A3V14845SJEDBX,1
A3V2XCDF45VN9X,1
A3V5IIPZ95YVKH,1
A3V85S8S95XSA3,1
A3V8FN8YW3YHAV,1
A3V8KGKKM5ZDH0,1
A3V92Z4UXBEPOM,1
A3V9JFVZQ2XF4Y,1
A3VESDBF4LH061,1
A3VFNAB7V9J53T,1
A3VH21P8R36DXP,1
A3VO6EWIFUI683,1
A3VPJLIPHA9O5Y,1
A3VVO8B9S9USQW,1
A3VZA2YUYAOE0K,1
A3W0C04EXOY12C,1
A3W1BZJDOLEW9P,1
A3W3VLPA3B5LJ7,1
A3W4XLAHW96WQI,1
A3W51UU781HG5D,1
A3WJ5U532509G,1
A41IRD3A4RIWT,1
A4DERO9FQO59G,1
A4E1UYPDHE8D8,1
A4ECX41HS9RWX,1
A4FI39IS8F6CX,1
A4H1NYJVE7C53,1
A4OVCB3307414,1
A4PRXDCEFH48W,1
A4Q2WGBCAFQFI,1
A4QDCBGN79832,1
A4RT8SPRCRYVN,1
A4SC8G0149GEG,1
A4T4577P6JL6R,1
A4VX187PMPVCP,1
A4W9APAHFWVLO,1
A4X0NBUV3F1BX,1
A4XB9OF4LFHWF,1
A4YUMN5PUEF6G,1
A50CXIIWYK9BP,1
A50II2U3UW3XD,1
A50KAU1QTGTPM,1
A53S7J4JGWG38,1
A53VYIFCCASOA,1
A58U58UHYOALQ,1
A598UDLZZZAJ3,1
A59VLVM9JQGQM,1
A5C5BKWMDKX6H,1
A5E42O6OF7LY,1
A5E571TRXWLBM,1
A5ENXCMS3VAVA,1
A5LZENCNU4T1V,1
A5PKYZJRK1ZFW,1
A5TI9UQEPLNWI,1
A5VIZPQGEEM03,1
A5ZY7LZTH1F9F,1
A60U9E0SVW8CA,1
A62H1UZADLF7Q,1
A666IQVW8PYE5,1
A6APXHILOJZ56,1
A6CECCHT3LQ7P,1
A6DK9LNLHLEDN,1
A6FQHZ58DQ0S6,1
A6GS1C9J3ARSB,1
A6KOTWP7N7RLU,1
A6MWJK1YEY5L2,1
A6PO7JT39QQGP,1
A6TLQCPSSXUUU,1
A6U2C66WQ7QQN,1
A6UFIDOJI0RIL,1
A6YDORFZZXXPQ,1
A6YIMZFOPD04J,1
A6Z0AKA9865ZY,1
A70L26UXLTGLC,1
A7204W9E8IR1R,1
A73CNVUAKO1AY,1
A73MYSOU10NQI,1
A73UBWHFPAT7E,1
A7DN0T28IYOT6,1
A7K6LJGDREGTT,1
A7OZPNXIVO1FX,1
A7SXWHGK8B40R,1
A82Q1HS5CPZ5I,1
A82R2TQAXU796,1
A82VN0BRUIMNO,1
A83DI5Q5K6F1F,1
A87D3K9YVKTQ7,1
A87ON55084X3J,1
A8AXYQ2YRKUTH,1
A8BGHKGBA8O33,1
A8EK2WEXANZUY,1
A8FUMDQFBKMXR,1
A8GENMN47I8TR,1
A8KWTS3C8OLZY,1
A8NNAH8GVFZP8,1
A8Q89VHPDOUAV,1
A8QHPM7U4CWKB,1
A8RDXT4ZILHQT,1
A8SJ88BYO6NS3,1
A8SM8X9UDAIYO,1
A8TFVGAEEN2EC,1
A8TIL9U6YHG5,1
A8WLCSZLNZ8BL,1
A902OK2E7VX3D,1
A92DDP49S9LFZ,1
A99IUKSLT1AFM,1
A9A2IX3OBORBE,1
A9C5VBASH9Q3Z,1
A9D35EH6OODY,1
A9EVF0SO2IUJ0,1
A9HLSN75PCMIA,1
A9HQ3E0F2AGVO,1
A9J7T2MWVURX2,1
A9KSSJXDB6GPE,1
A9LSEP71DNP4O,1
A9LX66EQWDRQ5,1
A9UBPUEWAMA06,1
A9WGDBDXUNLOD,1
A9WIOFVRSYW3L,1
A9Y4BDIET8038,1
A9YJYYOWOVCR1,1
A9YQQIZRWVPIT,1
AA2O932UNAZA1,1
AA402T4YY1S7N,1
AA5ZDXAA2DLY1,1
AA6RYE4V0IBKM,1
AA7LA8WQNABDT,1
AA8PZKO9XGCKO,1
AA8TFMPYRQHQO,1
AA9G3GRSPXUTZ,1
AA9V4NE8SOA4I,1
AAF1SJ9FCBF75,1
AAGJMGU79K7R1,1
AAIQLE701DI9U,1
AAKL8L5X64LWD,1
AAOEHS9LFB8KA,1
AAP6UHMJFHG7R,1
AAPL0LV4APHOR,1
AAPXM02THRRBO,1
AASWAMYQ9PXMQ,1
AAT14HTPEDT5T,1
AAWX7QFQUNM6D,1
AB66CTVQ90RCV,1
AB6KFZRFZUHLX,1
ABBMKMTKDC065,1
ABL2FXYMI00T6,1
ABL3H3O3BI8ZD,1
ABMX8XUNPR3LP,1
ABQ4JY52NCREZ,1
ABQ65VUI4C9RK,1
ABS83QIWSMZ9,1
ABSMPJFA31SML,1
ABX5OQLR6UNBC,1
AC449WI7OQLZQ,1
AC6Y70F8YSHJN,1
AC8AP945KVJW5,1
ACAHZJFM6D5ZQ,1
ACB9BNW7MC207,1
ACLSI8Q1HNMUC,1
ACM1CEGHXTKZP,1
ACPFMZWZ701UP,1
ACSS93E03ZUGX,1
ACTA6XH1P94UR,1
ACXVXANO0GNL6,1
AD3176YJTD639,1
AD6T86PU9VNAP,1
AD6TRSRLJSI7O,1
AD70PPBAJSCPV,1
AD86DUCATIFJ6,1
ADAB9MM5P7NNA,1
ADBFO2BI0V9IE,1
ADC4VXNQJ9FEW,1
ADD4ZTV2MSSY6,1
ADFK3HW4HAH48,1
ADIWPN41N28BC,1
ADJ6HSU1QWJKA,1
ADU3MDAGZD0UX,1
ADWFYAZ4C2E50,1
AE608VRXK6M2E,1
AE861G0AY5RGT,1
AEA3VWUU46C7U,1
AECKWX9PFTHOM,1
AEDA6BS6YH350,1
AEGY4PZBV74AF,1
AEI8VACV8ETDW,1
AENJ7GDYBENYX,1
AERUGBNS48Z4N,1
AESL8Q8Z3RQY5,1
AETIZKQNUSBLB,1
AEXHG1UQMU5VF,1
AF1HT6VL272QZ,1
AF3K80U0YQJMZ,1
AF56P9JE4N741,1
AFASY2VX8PADR,1
AFDC9A6Z60W2Z,1
AFIXE3U30SIRJ,1
AFKB7F09OVKV7,1
AFKWB7BCOI1QB,1
AFSI4GMXWKC2U,1
AFSSK2YM8TVXK,1
AFU00NU09CFXE,1
AFV2W8O4OCKK2,1
AFWLCCGLQ21CY,1
AG1666BMO5TVP,1
AG2XF1B7MULIC,1
AG9LMLEPXP2YC,1
AGAL7TXO22B9J,1
AGK30V341UN88,1
AGKCK081EU63R,1
AGMJL8K9OMU64,1
AGMSPB6VYCCFK,1
AGNJKSH5LFKXZ,1
AGNS6CGA0DPTM,1
AGSSG1SWNWGHD,1
AGWJG6A8ZWWT7,1
AH00EJ6PK1H3A,1
AH22ILXQFI4R2,1
AH4S22PWE826G,1
AH7Z2M3KSQ4DW,1
AH8ZQQK0O91FL,1
AHAF93PYUCVQ1,1
AHIP9MIJ8NJXC,1
AHOMJD126KTW9,1
AHOTKNMJFS8TR,1
AHOWYHL8GLJZ6,1
AHSXMZBNS9BPA,1
AHV4U78TUUDKI,1
AHWU4QX6A5EME,1
AHZXZOXNGWNDY,1
AI647J6F3HTBO,1
AI991AMNQ94WR,1
AIAHJVVSXGLMB,1
AIBFR88A00FP3,1
AIEJ3ECA0KG9F,1
AIHHRINW9IN1I,1
AIOH298YMZ3ZZ,1
AIOZF654BN0LT,1
AISNLDPD2DFEG,1
AIUCE8TPCA9DP,1
AIUKV0KVALMY6,1
AIVOCURI4951T,1
AIWX8CTWASWI7,1
AIX1EB7WS8F0R,1
AIXC3EQ4LC7EQ,1
AIZ4C8S4DW2WG,1
AIZBJO3QPIZPC,1
AJ9BXWEOJGY6B,1
AJAPJJTISC36L,1
AJATFTFZ8OWHO,1
AJFS39RTZY3LC,1
AJNQ2PBD07FKE,1
AJPQEZBVJXVE9,1
AJRY9ALX8069Y,1
AJW3PL5UDH4BP,1
AJWES6SFIP3AT,1
AJXIC6Q5EM76P,1
AK0R311RKPCQQ,1
AK11BPNWE727G,1
AK3H5QRAROFGP,1
AK4WZEW584BR9,1
AK5AFB4VLBCGK,1
AK81F0NOBFJS3,1
AK8OOYYYKZF9V,1
AKB82TCYUECWD,1
AKBKONIQHJYFY,1
AKD00OUQAHG4E,1
AKGHP8M23KOX9,1
AKHH4W14A6AN9,1
AKKG0DPW1478H,1
AKN6YZWA3XPWZ,1
AKNV05F5X5YAC,1
AKP8JDWC6AXQ9,1
AKPMET8C2GOGI,1
AKPXWXJFLHM08,1
AKSJ3C5O3V9RB,1
AKVDK30EEV08C,1
AKX5RHHO8BIUX,1
AKXY2ATEM5DC2,1
AKZ8SFOAI4RZN,1
AKZAPJQJPI750,1
AKZIBGDPU4UJG,1
AL1ZRR2M8SXTZ,1
AL4W87RXNEP7G,1
AL6PXY7EWB7LD,1
AL7Q7Y08VEWY4,1
AL7UTA8J27TFK,1
AL8NYDL4JOYL3,1
ALAPDHR29KBS6,1
ALB5T2ZVQAASF,1
ALC9PPHVSH648,1
ALDQRWYZ8KQ9A,1
ALHT37PYQA05D,1
ALJ70B2J04YR7,1
ALML8V38FDV0,1
ALOYY3E72AQ1K,1
ALQ7GPHT431Q2,1
ALZ94HOEENWHL,1
AM0JKZVOEOTMA,1
AM0RIU57B08JL,1
AM2W23THD4CI7,1
AM4PAC2YQPREB,1
AMC42JMQA8A5U,1
AMGGLXGMFWEN2,1
AMI4OR8CUAIED,1
AMKGMVI25PC0B,1
AMPMTF5IAAMK8,1
AMUSASUELY24X,1
AMV1E7FFPVAW4,1
AMX5R6NLYNA2K,1
AMYD8PNSBQ7C2,1
AMYURTQIMAC8T,1
AN15QS1604XRS,1
AN1AVU02CEHZY,1
AN2P7LWB1ZTAD,1
AN3MYYTLXX9R8,1
AN6LATATB69FZ,1
AN9MVFWRCF2OP,1
AND4JA5WQ3QS9,1
ANFWGSQ8BQRZ,1
ANGNGT1W9HU1E,1
ANHSPS15HULXX,1
ANMD34DNHLOLC,1
ANN162CY5IAGN,1
ANO5XLAVSEOQU,1
ANT2V756NAX5X,1
ANV2BA9ZH6MHX,1
ANYB94DHDJKNO,1
ANZKTE853UXSD,1
ANZN7CH92GM4X,1
AO1NXVGRRUCJB,1
AO2RGSNVPQDBA,1
AO33H4GL9KZX9,1
AO7PAV9F1JTM6,1
AOAZMLP27GD81,1
AOB5RZ3WSAZPS,1
AOCUCXPFGCHU8,1
AOP6XBBKKR2FH,1
AOPFBNL42XO58,1
AOPI4DCPSO8H4,1
AOUMYCLO4I993,1
AOZNGVLQA42SZ,1
AP1LIKDI6QIFZ,1
AP3HBOLHKWUTH,1
AP8QHC5BS3I6Z,1
AP9TUT1V7MGAG,1
APAS6TOF2VKPO,1
APDZX0GWOK1GG,1
APF1EAZT104LQ,1
APGX2WZ59OWDN,1
APHNYDGTCRN3O,1
APLBF6JY2C1QZ,1
APPNTU0LE3T9L,1
APRZ7BR8C0ZMQ,1
APUL86331SOMR,1
APW8YVM2WHFEF,1
AQ11WSY0PS1F6,1
AQ2T4LJPNKKA8,1
AQ412GI259EPY,1
AQ9Y6WD8O72ZC,1
AQAXDL1INQC9Q,1
AQC0SZA1E9QO7,1
AQGNAN3CKLKT5,1
AQJWO4YPR3LUQ,1
AQN3RS63MEPQA,1
AQORJW4W8U9YU,1
AQPHAKANHK618,1
AQSML514QJ4MO,1
AQWV4866H1PFQ,1
AR50UBGSH10FJ,1
AR67RZM4TDX5M,1
AR95C0P53AFWJ,1
AR9ZC60MDS2Q,1
ARB4S0635XVZV,1
ARE37A8I60U7S,1
ARGR4AJESGHHP,1
ARIG31UKF6O8P,1
ARJ6SPCZJVARE,1
ARK1ODKJWY9DH,1
ARN8L3JVVNK6X,1
ARR3UJTM2ZGK4,1
ARTQWWNFA7IOD,1
ARUWDESEP4QLF,1
ARYGQ46IMW8AU,1
ARYVMA9T9WLRK,1
ARZEZGD9TYK3Q,1
AS1RGVFH2M3ET,1
AS9J7DRK4H03D,1
ASA8VDVY04TF0,1
ASCLZFXD9WMON,1
ASDOYPL3T2CFL,1
ASF5V3K4IFP4K,1
ASKAY33IJ3KAQ,1
ASLDY5ZCD7X04,1
ASPRULQHB8B1F,1
ASQCVJLLTYX4S,1
ASVP3M0AQ1HG4,1
ASX1CKKF6OXL1,1
ASZ56AVQ9MQUK,1
ASZU9GRJ73FA0,1
AT6LDQNLKTUSE,1
AT7ADQKXKXEWY,1
AT7THGIGM9XN5,1
ATBIPUCO3EKS6,1
ATHC8V87MPHHW,1
ATKCF7RGAMHSC,1
ATTCFA0G5CIPH,1
ATTNJ2IHS8MH8,1
ATVYXLWEH5N03,1
ATXUM0GBU5MC8,1
AU34T9OMHN4Z4,1
AU3WB2DD4QJ4B,1
AU44UQBQ62YU4,1
AU7A3QNJF3O00,1
AU8YVB738G6C,1
AUCHGHY1IKZZK,1
AUCHRCF5MHCTC,1
AUEYW3KE1AH8K,1
AUFUUD4WG9CVO,1
AUI3R928P63B0,1
AUI8BVP9IRQQJ,1
AULC5HR1BBHMA,1
AUM9EICC3S68U,1
AUMM5IE22KG6I,1
AUOYNTK0GOFOM,1
AUQ79MANVDU9B,1
AURYD2FH3FUOQ,1
AUS5A6B3ES00L,1
AUSIONV71YXAG,1
AUXKVI1MXRSP0,1
AUYTOO24E4Q01,1
AUZBKS5UI3MXB,1
AV22FQTJNBUZT,1
AV3LN2EMUI4LG,1
AV66INDRXME18,1
AVCXJ9M71WDCB,1
AVD6HMIO1HLFI,1
AVG10AMX674X9,1
AVIEE6LDH0BT5,1
AVOF14300525D,1
AVPW7AXI9AFSM,1
AVVQ9GAPHANJD,1
AVWU9JDY5G81E,1
AVXEDARJC5HLU,1
AW0B18VTPRKTS,1
AW0IENEKHJKOK,1
AW2LIJBEY8QUE,1
AW7ZAQ8V9K04A,1
AWBE11AIHVI0I,1
AWBXHIHEYDUH6,1
AWCVZ5A5DK1GX,1
AWDPPSLXGZFKA,1
AWENQ6RS7ABZ6,1
AWIPMIAD5U5MP,1
AWVIOLZUKBNVU,1
AWVLT2L5AP873,1
AWXIEV9H6KT9E,1
AX1787Q2JJI1V,1
AX2VR7850ON7L,1
AX5LY7KGGV1EZ,1
AX60GW5R6Q5OE,1
AX8EX2QI5HIQQ,1
AXFK8W13EYDUX,1
AXHDHGJRFHMRR,1
AXIXPLKHC1WF9,1
AXKVHJHF1EOVT,1
AXR1UR72QU6KR,1
AXTYQCQ562CG6,1
AXUL8N3ELU9GN,1
AXVUJ0U93NLAM,1
AXY0D2AMLKE2A,1
AY4B7SUM68J3G,1
AY52II1OC5RZ1,1
AY832D29HUURG,1
AY9ZVK32I1P1L,1
AYBYMDBEBK5Z,1
AYCDBYJV964P5,1
AYCEN3UEH5JKN,1
AYFM9UR1160YR,1
AYJEQZWQZ471L,1
AYK0F0UN2C0K7,1
AYLV8L13HYEGJ,1
AYO9K8VF5A11I,1
AYSG3J2U3UF1Y,1
AYT889SURV62K,1
AYUTE88MPK24K,1
AYWVS4HKC3UVM,1
AYX2YJ826FQOB,1
AYZMS40HWME8C,1
AZ0JH5QN3LZVA,1
AZ4PLJKHKZHDU,1
AZ8JL3QNIPY4U,1
AZC1H5Q3EDLWS,1
AZEI1634OQBB3,1
AZIAQJWXTSFUX,1
AZJVAP536DY13,1
AZLBBA4KM3OAT,1
AZLZA0Q87TJZO,1
AZNIEFUIVB2H0,1
AZSZIZLOQKUU4,1
AZZA3J049G7R5,1
A3N0WM58SO9R24,1
A8C3WNWRBWUXO,1
A2KWEVSI7P1RGQ,1
AE1DWQLNREKRF,1
A31TQK11E2EBJZ,1
A3GK90X2QOFR53,1
A1KGCOR8OXYR72,1
A248LF7KKHXZ14,1
A3GXC3VG37CQ3G,1
A1F1BIPJR11LSR,1
